﻿DepartmentID,Name,GroupName,ModifiedDate
1,Engineering,Research and Development,4/30/2008 0:00
2,Tool Design,Research and Development,4/30/2008 0:00
3,Sales,Sales and Marketing,4/30/2008 0:00
4,Marketing,Sales and Marketing,4/30/2008 0:00
5,Purchasing,Inventory Management,4/30/2008 0:00
6,Research and Development,Research and Development,4/30/2008 0:00
7,Production,Manufacturing,4/30/2008 0:00
8,Production Control,Manufacturing,4/30/2008 0:00
9,Human Resources,Executive General and Administration,4/30/2008 0:00
10,Finance,Executive General and Administration,4/30/2008 0:00
11,Information Services,Executive General and Administration,4/30/2008 0:00
12,Document Control,Quality Assurance,4/30/2008 0:00
13,Quality Assurance,Quality Assurance,4/30/2008 0:00
14,Facilities and Maintenance,Executive General and Administration,4/30/2008 0:00
15,Shipping and Receiving,Inventory Management,4/30/2008 0:00
16,Executive,Executive General and Administration,4/30/2008 0:00
