﻿ScrapReasonID,Name,ModifiedDate
1,Brake assembly not as ordered,4/30/2008 0:00
2,Color incorrect,4/30/2008 0:00
3,Gouge in metal,4/30/2008 0:00
4,Drill pattern incorrect,4/30/2008 0:00
5,Drill size too large,4/30/2008 0:00
6,Drill size too small,4/30/2008 0:00
7,Handling damage,4/30/2008 0:00
8,Paint process failed,4/30/2008 0:00
9,Primer process failed,4/30/2008 0:00
10,Seat assembly not as ordered,4/30/2008 0:00
11,Stress test failed,4/30/2008 0:00
12,Thermoform temperature too high,4/30/2008 0:00
13,Thermoform temperature too low,4/30/2008 0:00
14,Trim length too long,4/30/2008 0:00
15,Trim length too short,4/30/2008 0:00
16,Wheel misaligned,4/30/2008 0:00
