﻿UnitMeasureCode,Name,ModifiedDate,
BOX,Boxes,4/30/2008 0:00,
BTL,Bottle,4/30/2008 0:00,
C  ,Celsius,4/30/2008 0:00,
CAN,Canister,4/30/2008 0:00,
CAR,Carton,4/30/2008 0:00,
CBM,Cubic meters,4/30/2008 0:00,
CCM,Cubic centimeter,4/30/2008 0:00,
CDM,Cubic decimeter,4/30/2008 0:00,
CM ,Centimeter,4/30/2008 0:00,
CM2,Square centimeter,4/30/2008 0:00,
CR ,Crate,4/30/2008 0:00,
CS ,Case,4/30/2008 0:00,
CTN,Container,4/30/2008 0:00,
DM ,Decimeter,4/30/2008 0:00,
DZ ,Dozen,4/30/2008 0:00,
EA ,Each,4/30/2008 0:00,
FT3,Cubic foot,4/30/2008 0:00,
G  ,Gram,4/30/2008 0:00,
GAL,Gallon,4/30/2008 0:00,
IN ,Inch,4/30/2008 0:00,
KG ,Kilogram,4/30/2008 0:00,
KGV,Kilogram/cubic meter,4/30/2008 0:00,
KM ,Kilometer,4/30/2008 0:00,
KT ,Kiloton,4/30/2008 0:00,
L  ,Liter,4/30/2008 0:00,
LB ,US pound,4/30/2008 0:00,
M  ,Meter,4/30/2008 0:00,
M2 ,Square meter,4/30/2008 0:00,
M3 ,Cubic meter,4/30/2008 0:00,
MG ,Milligram,4/30/2008 0:00,
ML ,Milliliter,4/30/2008 0:00,
MM ,Millimeter,4/30/2008 0:00,
OZ ,Ounces,4/30/2008 0:00,
PAK,Pack,4/30/2008 0:00,
PAL,Pallet,4/30/2008 0:00,
PC ,Piece,4/30/2008 0:00,
PCT,Percentage,4/30/2008 0:00,
PT ,Pint,4/30/2008 0:00,
